Species,FOFM_biomar,FOFM_mowi,FOFM_cargill
Anchovy,0.159628051,0.1275,0.15
Sardine,0.288454088,0.113,0
Capelin,0.042716002,0.075,0.09
Menhaden,0.065962805,0.178,0.07
Sand eel,0.056954669,0.05,0.13
Blue withing,0.203409531,0.225,0.4
Sprat,0.059957381,0.075,0.06
Herring,0.059957381,0.075,0.01
Other,0.062960093,0.0815,0.09